"Семечки_обжареные_""Урожай_года""__500гНа12шт"|14607012352191
"Семечки_""От_Мартина""_Черные_с_морской_солью_500гНа10шт"|24607012352099
"Семечки_""Семачос""__300гНа20_шт"|14607012352122
"Семечки__""Молодежные""_200_грНа25_шт"|24607012351702
"Семечки__""Молодежные""_300_грНа20_шт"|14607012351712
"Семечки__""Молодежные""_50_грНа50_шт"|14607012351682
"Семечки_""От_Мартина""_Отборные_ПОЛОСАТЫЕ_с_солью_150гНа32шт"|14607012352450
"Семечки__тыквенные_""От_Мартина""_неочищенные_с_солью_50гНа40шт"|24607012352020
"Семечки__тыквенные_""От_Мартина""_неочищенные_с_солью_100гНа20шт"|34607012352003
"Семечки_""От_Мартина""_Отборные_100гНа50шт"|24607012350491
"Семечки_""От_Мартина""_Отборные_150гНа32шт"|14607012352481
"Семечки_""От_Мартина""_Отборные_250гНа20шт"|14607012352498
"Семечки_""От_Мартина""_Отборные_МИКС:_Соленые_и_Несоленые_100гНа50шт"|14607012352528
"Семечки_""От_Мартина""_Отборные_МИКС:_Соленые_и_Несоленые_200гНа25шт"|24607012352532
"Семечки_""От_Мартина""_Отборные_МИКС:_Соленые_и_Несоленые_200гНа32шт"|14607012352535
"Семечки_""От_Мартина""_Отборные_МИКС:_Соленые_и_Несоленые_200гНа14шт"|34607012352539
"Семечки_обжареные_""Урожай_года""__120гНа50шт"|14607012352641
"Семечки_обжареные_""Урожай_года""_с_солью_150гНа40шт"|14607012352627
"Семечки_""От_Мартина""_Отборные_МИКС_3в1_200гНа14шт"|14607012352603
"Семечки_""От_Мартина""_Отборные_250гНа14шт"|34607012352492
Семечки_100гНа40шт|14612750270027
Семечки_200гНа24шт|14612750270287
Семечки_200гНа16шт|14612737020423
Семечки_100гНа24шт|14612737020409
"Семечки__тыквенные_""Семачос""_неочищенные_с_солью_100гНа20шт"|14607012352894
"Семечки_""Семачос""__200гНа30_шт"|34607012351402
Семечки_соленые_100гНа24шт|14612750270812
Семечки_соленые_200гНа16шт|14612750270829
Семечки_300гНа12шт|14612750270195
"Семечки_""Семачос""_с_морской_солью_200гНа30_шт"|24607012352044
"Семечки__тыквенные_БЕЗ_СОЛИ_""От_Мартина""_неочищенные_100гНа20шт"|14607012353006
"Семечки_обжареные_""Урожай_года""_1000гНа6шт"|14607012352955
"Семечки_необжареные_""Урожай_года""_1000гНа6шт"|14607012352948
"Семечки_отборные_обжаренные_""Золотой_Урожай""_1кгНа6шт"|14607012353020
"Семечки_обжареные_""Урожай_года""_с_морской_солью_200гНа25шт"|14607012353150
"Семечки_обжареные_""Урожай_года""_с_морской_солью_50гНа50шт"|14607012353143
"Семечки_тыквенные_""Молодежные""_неочищенные_БЕЗ_СОЛИ_300гНа20шт"|14607012353112
"Семечки_обжареные_""Солнечный_Урожай""__500гНа12шт"|14607012353174
"Семечки_""От_Мартина""_Отборные_ПОЛОСАТЫЕ_с_солью_75гНа50шт"|14607012352795
"Семечки_""От_Мартина""_Отборные_ПОЛОСАТЫЕ__БЕЗ_СОЛИ_150гНа32шт"|14607012353198
"Семечки_""От_Мартина""_Отборные_ПОЛОСАТЫЕ__БЕЗ_СОЛИ_75гНа50шт"|14607012353181
"Семечки_""От_Мартина""_Отборные_ПОЛОСАТЫЕ_со_вкусом_бекона_150гНа32шт"|14607012353358
"Семечки_""От_Мартина""_Белые_со_вкусом_бекона_100гНа20шт"|24607012353201
"Семечки__""Молодежные""_400_грНа15_шт"|34607012353406
"Семечки_обжареные_""Урожай_года""__300гНа20шт"|14607012352689
"Семечки_""От_Мартина""_Белые_соленые_250гНа10шт"|14607012353389
"Семечки_""Семачос""_c_морской_cолью_300гНа20_шт"|14607012352115
"Семечки_""Семачос""_с_морской_солью_100гНа50_шт"|14607012352030
"Семечки_обжареные_""Урожай_года""_200гНа30шт"|24607012352174
"Семечки__тыквенные_""От_Мартина""_неочищенные_с_солью_200гНа14шт"|24607012352013
"Семечки_""Семачос""__100гНа50_шт"|14607012351378
"Семечки_""Семачос""__200гНа25_шт"|14607012351392
"Семечки_""От_Мартина""_Отборные_200гНа14шт"|44607012351003
"Семечки_""От_Мартина""_Особенные_200гНа10шт"|24607012352211
"Семечки_""От_Мартина""_Особенные_с_морской_солью_200гНа10шт"|14607012352375
"Семечки_""От_Мартина""_Отборные_200гНа32шт"|54607012351000
"Семечки_""От_Мартина""_Черные_с_морской_солью_100гНа50шт"|14607012351958
"Семечки_""От_Мартина""_Черные_с_морской_солью_200гНа25шт"|14607012351996
"Семечки_""От_Мартина""_Черные_с_морской_солью_200гНа14шт"|24607012351993
"Семечки_""От_Мартина""_Черные_с_морской_солью_180гНа32шт"|34607012353505
"Семечки_""От_Мартина""_Черные_с_морской_солью_300гНа20шт"|24607012352105
"Семечки_""От_Мартина""_Черные_с_морской_солью_200гНа32шт"|34607012351990
"Семечки_""От_Мартина""_Черные_с_морской_солью_200гНа32шт_ЭКСПОРТ"|14607012353488
"Семечки_""От_Мартина""_Отборные_200гНа32шт_ЭКСПОРТ"|14607012353464
"Семечки_""От_Мартина""_Отборные_500гНа10шт_ЭКСПОРТ"|14607012353471
"Семечки_""От_Мартина""_Черные_с_морской_солью_500гНа10шт_ЭКСПОРТ"|14607012353495
"Семечки_""От_Мартина""_жареные_40гНа50шт"|14607012350456
"Семечки_""От_Мартина""_Отборные_200гНа25шт"|34607012350672
"Семечки_""От_Мартина""_Отборные_100гНа20шт"|44607012350990
"Семечки_""От_Мартина""_Отборные_300гНа20шт"|14607012351729
"Семечки_""От_Мартина""_Отборные_500гНа10шт"|14607012351125
"Семечки_""От_Мартина""_Черные_с_морской_солью_100гНа20шт"|24607012351955
"Семечки_""От_Мартина""_Отборные_50гНа50шт"|4607012350602
"Семечки_""От_Мартина""_Отборные_75гНа50шт"|14607012352467
"Семечки_""От_Мартина""_Белые_соленые_50гНа50шт"|14607012350951
"Семечки_""От_Мартина""_Белые_соленые_100гНа20шт"|24607012351276
"Семечки_""От_Мартина""_Белые_соленые_100гНа40шт"|24607012350873
"Семечки_""От_Мартина""_Белые_соленые_200гНа20шт"|24607012350880
"Семечки__""Молодежные""_100_грНа50_шт"|14607012351699
"Семечки__""Молодежные""_1000_грНа6_шт"|24607012351740
"Семечки__""Молодежные""_200_грНа30_шт"|24607012351979
"Семечки__""Молодежные""_500_грНа10_шт"|24607012352884
"Семечки__""Молодежные""_500_грНа12_шт"|3460701235288
"Семечки__""Молодежные""_с_солью_50_грНа50_шт"|14607012353037
"Семечки__""Молодежные""_80_грНа50_шт"|14607012351965
"Семечки__""Молодежные""_с_морской_солью_100_грНа50_шт"|14607012352580
"Семечки__""Молодежные""_с_солью_200_грНа30_шт"|34607012352591
ОТБОРНЫЕ_сырьё|8800984522053
МОЛОДЕЖНЫЕ_сырьё|8800984522091
ПОЛОСАТЫЕ_сырьё|8800984522092
Арахис_отборный_обжаренный_с_солью_100гНа20шт|14607012352801
Арахис_в_скорлупе_без_соли_200гНа14шт|24607012352921
Фисташки_100гНа20шт|14607012352665
НОМЕНКЛАТУРА_НЕ_ВЫБРАНА|0
ОСОБЕННЫЕ_сырьё|8800984522063
"Кукуруза_""От_Мартина""_барбекю_100гНа20шт"|14607012352856
"Кукуруза_""От_Мартина""_двойной_сыр_100гНа20шт"|14607012352863
"Кукуруза_""От_Мартина""_с_солью_100гНа20шт"|14607012352870
ВкусВилл_Отборные_200гНа25шт|14600000000001
УРОЖАЙ_сырьё|88000000016904
"Семечки__""Молодежные""_с_морской_солью_500_грНа12_шт"|24607012353041
"Семечки_""От_Мартина""_Отборные_ПОЛОСАТЫЕ_с_солью_75гНа50шт_Подушка"|14607012352795
"Семечки_""От_Мартина""_Отборные_ПОЛОСАТЫЕ_со_вкусом_бекона_150гНа32шт_Подушка"|14607012353358
